route,mode,repeat,c1,cm,c2,mismatch,sentinel,distinct,reset_threads,rterr,outsent
simd,0,0,10620,20324,30031,0,0,64,,0,0
simd,0,1,10619,20321,30032,0,0,64,,0,0
simd,1,0,15556,30111,44658,0,0,39,,0,0
simd,1,1,15547,30122,44690,0,0,39,,0,0
simd,2,0,20418,39827,59247,0,0,64,,0,0
simd,2,1,20420,39835,59251,0,0,64,,0,0
simd,3,0,437854,874693,1311508,0,0,11,,0,0
simd,3,1,437772,874800,1311605,0,0,11,,0,0
simd,4,0,437874,874596,1311583,0,0,46,,0,0
simd,4,1,437712,874768,1311522,0,0,46,,0,0
simd,5,0,437916,874760,1311650,0,0,59,,0,0
simd,5,1,437805,874720,1311554,0,0,59,,0,0
simd,6,0,30015,59141,88268,0,0,64,,0,0
simd,6,1,30000,59121,88230,0,0,64,,0,0
simd,7,0,49497,98036,146590,0,0,38,,0,0
simd,7,1,49506,98047,146598,0,0,38,,0,0
simd,8,0,68934,136896,204858,0,0,64,,0,0
simd,8,1,68931,136908,204868,0,0,64,,0,0
simd,9,0,98047,195140,292246,0,0,11,,0,0
simd,9,1,98082,195171,292250,0,0,11,,0,0
simd,10,0,98075,195147,292229,0,0,45,,0,0
simd,10,1,98057,195140,292243,0,0,45,,0,0
simd,11,0,98055,195146,292231,0,0,58,,0,0
simd,11,1,98076,195120,292197,0,0,58,,0,0
simd,12,0,10619,20318,30029,0,0,64,,0,0
simd,12,1,10625,20329,30031,0,0,64,,0,0
simd,13,0,25246,49499,73782,0,0,39,,0,0
simd,13,1,25233,49495,73746,0,0,39,,0,0
simd,14,0,34962,68931,102908,0,0,64,,0,0
simd,14,1,34956,68941,102893,0,0,64,,0,0
simd,15,0,49528,98074,146603,0,0,11,,0,0
simd,15,1,49532,98064,146595,0,0,11,,0,0
simd,16,0,49523,98028,146582,0,0,46,,0,0
simd,16,1,49514,98048,146565,0,0,46,,0,0
simd,17,0,49514,98042,146583,0,0,59,,0,0
simd,17,1,49531,98067,146582,0,0,59,,0,0
simt,0,0,335090,640575,946059,0,0,1040,0,0,0
simt,0,1,335144,640659,946183,0,0,1040,0,0,0
simt,1,0,584608,1137382,1690151,0,0,1310,377,0,0
simt,1,1,582600,1135422,1688340,0,0,1310,377,0,0
simt,2,0,859436,1688573,2517875,0,0,908,259,0,0
simt,2,1,861275,1690629,2519755,0,0,908,259,0,0
simt,3,0,874025,1717722,2561582,0,0,1067,461,0,0
simt,3,1,874002,1717717,2561578,0,0,1067,461,0,0
simt,4,0,679702,1327183,1974387,0,0,724,1325,0,0
simt,4,1,677849,1325141,1972402,0,0,724,1325,0,0
