definition,device,phase,nodes,passed,failed,skipped,xfailed,xpassed,error,timeout,crash,unexecuted
python/test/unit/cuda/test_libdevice.py::test_math_extern,npu_or_frontend,original-default,4,0,0,4,0,0,0,0,0,0
python/test/unit/cuda/test_mixed_io.py::test_add,npu_or_frontend,original-default,2,0,2,0,0,0,0,0,0,0
python/test/unit/cuda/test_mixed_io.py::test_load_reduce,npu_or_frontend,original-default,1,0,1,0,0,0,0,0,0,0
python/test/unit/cuda/test_tensor_descriptor.py::test_specialization_after_host_tensordesc,npu_or_frontend,original-default,1,0,0,1,0,0,0,0,0,0
python/test/unit/cuda/test_tma_descriptor.py::test_1d_tma_descriptor_exception,npu_or_frontend,original-default,3,0,0,3,0,0,0,0,0,0
python/test/unit/cuda/test_tma_descriptor.py::test_2d_tma_descriptor_exception,npu_or_frontend,original-default,9,0,0,9,0,0,0,0,0,0
python/test/unit/cuda/test_tma_descriptor.py::test_ragged_tma,npu_or_frontend,original-default,12,0,0,12,0,0,0,0,0,0
python/test/unit/cuda/test_tma_store_gemm.py::test_tma_load_store,npu_or_frontend,original-default,8,0,8,0,0,0,0,0,0,0
python/test/unit/instrumentation/test_gpuhello.py::test_op,npu_or_frontend,original-default,1,1,0,0,0,0,0,0,0,0
python/test/unit/language/test_annotations.py::test_int_annotation,npu_or_frontend,original-default,9,9,0,0,0,0,0,0,0,0
python/test/unit/language/test_annotations.py::test_unknown_annotation,npu_or_frontend,original-default,1,1,0,0,0,0,0,0,0,0
python/test/unit/language/test_annotations.py::test_float_annotation,npu_or_frontend,original-default,16,6,10,0,0,0,0,0,0,0
python/test/unit/language/test_block_pointer.py::test_block_copy,npu_or_frontend,original-default,270,225,0,45,0,0,0,0,0,0
python/test/unit/language/test_block_pointer.py::test_block_ptr_matmul_no_scf,npu_or_frontend,original-default,6,6,0,0,0,0,0,0,0,0
python/test/unit/language/test_compile_errors.py::test_err_undefined_variable,npu_or_frontend,original-default,1,1,0,0,0,0,0,0,0,0
python/test/unit/language/test_compile_errors.py::test_err_in_binary_operator,npu_or_frontend,original-default,1,1,0,0,0,0,0,0,0,0
python/test/unit/language/test_compile_errors.py::test_err_static_assert,npu_or_frontend,original-default,1,1,0,0,0,0,0,0,0,0
python/test/unit/language/test_compile_errors.py::test_err_in_unary_op,npu_or_frontend,original-default,1,1,0,0,0,0,0,0,0,0
python/test/unit/language/test_compile_errors.py::test_err_in_binary_op,npu_or_frontend,original-default,1,1,0,0,0,0,0,0,0,0
python/test/unit/language/test_compile_errors.py::test_err_in_nested_call,npu_or_frontend,original-default,1,1,0,0,0,0,0,0,0,0
python/test/unit/language/test_compile_errors.py::test_err_in_builtin,npu_or_frontend,original-default,1,1,0,0,0,0,0,0,0,0
python/test/unit/language/test_compile_errors.py::test_two_returns_no_err,npu_or_frontend,original-default,1,1,0,0,0,0,0,0,0,0
python/test/unit/language/test_compile_errors.py::test_not_const_annotate_no_err,npu_or_frontend,original-default,1,1,0,0,0,0,0,0,0,0
python/test/unit/language/test_compile_errors.py::test_returns_branched_on_constexpr,npu_or_frontend,original-default,1,1,0,0,0,0,0,0,0,0
python/test/unit/language/test_compile_errors.py::test_returns_branched_on_non_constexpr,npu_or_frontend,original-default,1,1,0,0,0,0,0,0,0,0
python/test/unit/language/test_compile_errors.py::test_power_of_two_shapes,npu_or_frontend,original-default,1,0,1,0,0,0,0,0,0,0
python/test/unit/language/test_compile_errors.py::test_power_of_two_shapes_2,npu_or_frontend,original-default,1,0,1,0,0,0,0,0,0,0
python/test/unit/language/test_compile_errors.py::test_global_var_access,npu_or_frontend,original-default,1,1,0,0,0,0,0,0,0,0
python/test/unit/language/test_compile_errors.py::test_constexpr_annotated_global_var_access,npu_or_frontend,original-default,1,1,0,0,0,0,0,0,0,0
python/test/unit/language/test_compile_errors.py::test_constexpr_global_var_access,npu_or_frontend,original-default,1,1,0,0,0,0,0,0,0,0
python/test/unit/language/test_compile_errors.py::test_global_type_alias_access,npu_or_frontend,original-default,1,1,0,0,0,0,0,0,0,0
python/test/unit/language/test_compile_errors.py::test_global_access_in_fn_default_arg,npu_or_frontend,original-default,1,1,0,0,0,0,0,0,0,0
python/test/unit/language/test_compile_errors.py::test_defaults_assign_no_err,npu_or_frontend,original-default,1,1,0,0,0,0,0,0,0,0
python/test/unit/language/test_compile_errors.py::test_where_warning,npu_or_frontend,original-default,1,1,0,0,0,0,0,0,0,0
python/test/unit/language/test_compile_errors.py::test_fp8_support,npu_or_frontend,original-default,5,1,4,0,0,0,0,0,0,0
python/test/unit/language/test_compile_errors.py::test_min_dot_size,npu_or_frontend,original-default,3,0,0,3,0,0,0,0,0,0
python/test/unit/language/test_compile_errors.py::test_max_num_imprecise_acc_limit,npu_or_frontend,original-default,1,0,1,0,0,0,0,0,0,0
python/test/unit/language/test_compile_errors.py::test_unused_result,npu_or_frontend,original-default,1,1,0,0,0,0,0,0,0,0
python/test/unit/language/test_compile_errors.py::test_err_constexpr_and_do_not_specialize,npu_or_frontend,original-default,1,1,0,0,0,0,0,0,0,0
python/test/unit/language/test_compile_errors.py::test_dot_scaled_shape_verification,npu_or_frontend,original-default,1,1,0,0,0,0,0,0,0,0
python/test/unit/language/test_compile_only.py::test_compile_only_sm100,npu_or_frontend,original-default,1,1,0,0,0,0,0,0,0,0
python/test/unit/language/test_compile_only.py::test_compile_only_dot,npu_or_frontend,original-default,1,1,0,0,0,0,0,0,0,0
python/test/unit/language/test_compile_only.py::test_compile_only_k_loop,npu_or_frontend,original-default,1,1,0,0,0,0,0,0,0,0
python/test/unit/language/test_compile_only.py::test_compile_only_dot_mxfp,npu_or_frontend,original-default,1,1,0,0,0,0,0,0,0,0
python/test/unit/language/test_compile_only.py::test_signature_ordering,npu_or_frontend,original-default,1,1,0,0,0,0,0,0,0,0
python/test/unit/language/test_conversions.py::test_typeconvert_upcast,npu_or_frontend,original-default,15,8,7,0,0,0,0,0,0,0
python/test/unit/language/test_conversions.py::test_typeconvert_downcast,npu_or_frontend,original-default,17,8,9,0,0,0,0,0,0,0
python/test/unit/language/test_conversions.py::test_typeconvert_downcast_clamping,npu_or_frontend,original-default,30,0,30,0,0,0,0,0,0,0
python/test/unit/language/test_core.py::test_scalar_overflow,npu_or_frontend,original-default,1,1,0,0,0,0,0,0,0,0
python/test/unit/language/test_core.py::test_dtype_codegen,npu_or_frontend,original-default,1,1,0,0,0,0,0,0,0,0
python/test/unit/language/test_core.py::test_bin_op,npu_or_frontend,original-default,720,421,299,0,0,0,0,0,0,0
python/test/unit/language/test_core.py::test_addptr,npu_or_frontend,original-default,24,22,2,0,0,0,0,0,0,0
python/test/unit/language/test_core.py::test_floordiv,npu_or_frontend,original-default,32,0,32,0,0,0,0,0,0,0
python/test/unit/language/test_core.py::test_unsigned_name_mangling,npu_or_frontend,original-default,1,1,0,0,0,0,0,0,0,0
python/test/unit/language/test_core.py::test_bitwise_op,npu_or_frontend,original-default,1587,1587,0,0,0,0,0,0,0,0
python/test/unit/language/test_core.py::test_shift_op,npu_or_frontend,original-default,64,64,0,0,0,0,0,0,0,0
python/test/unit/language/test_core.py::test_compare_op,npu_or_frontend,original-default,744,618,126,0,0,0,0,0,0,0
python/test/unit/language/test_core.py::test_broadcast,npu_or_frontend,original-default,12,11,1,0,0,0,0,0,0,0
python/test/unit/language/test_core.py::test_slice,npu_or_frontend,original-default,1,1,0,0,0,0,0,0,0,0
python/test/unit/language/test_core.py::test_invalid_slice,npu_or_frontend,original-default,1,1,0,0,0,0,0,0,0,0
python/test/unit/language/test_core.py::test_expand_dims,npu_or_frontend,original-default,1,1,0,0,0,0,0,0,0,0
python/test/unit/language/test_core.py::test_expand_dims_error_cases,npu_or_frontend,original-default,1,1,0,0,0,0,0,0,0,0
python/test/unit/language/test_core.py::test_invalid_pid_axis,npu_or_frontend,original-default,1,1,0,0,0,0,0,0,0,0
python/test/unit/language/test_core.py::test_where,npu_or_frontend,original-default,13,11,2,0,0,0,0,0,0,0
python/test/unit/language/test_core.py::test_where_broadcast,npu_or_frontend,original-default,1,1,0,0,0,0,0,0,0,0
python/test/unit/language/test_core.py::test_unary_op,npu_or_frontend,original-default,16,15,1,0,0,0,0,0,0,0
python/test/unit/language/test_core.py::test_math_op,npu_or_frontend,original-default,40,20,20,0,0,0,0,0,0,0
python/test/unit/language/test_core.py::test_math_erf_op,npu_or_frontend,original-default,2,1,1,0,0,0,0,0,0,0
python/test/unit/language/test_core.py::test_math_fma_op,npu_or_frontend,original-default,2,1,1,0,0,0,0,0,0,0
python/test/unit/language/test_core.py::test_math_divide_op,npu_or_frontend,original-default,2,2,0,0,0,0,0,0,0,0
python/test/unit/language/test_core.py::test_precise_math,npu_or_frontend,original-default,2,0,2,0,0,0,0,0,0,0
python/test/unit/language/test_core.py::test_abs,npu_or_frontend,original-default,12,11,1,0,0,0,0,0,0,0
python/test/unit/language/test_core.py::test_abs_fp8,npu_or_frontend,original-default,3,2,1,0,0,0,0,0,0,0
python/test/unit/language/test_core.py::test_shapes_as_params,npu_or_frontend,original-default,1,1,0,0,0,0,0,0,0,0
python/test/unit/language/test_core.py::test_transpose,npu_or_frontend,original-default,12,9,3,0,0,0,0,0,0,0
python/test/unit/language/test_core.py::test_index1d,npu_or_frontend,original-default,12,12,0,0,0,0,0,0,0,0
python/test/unit/language/test_core.py::test_noinline,npu_or_frontend,original-default,5,0,5,0,0,0,0,0,0,0
python/test/unit/language/test_core.py::test_atomic_rmw,npu_or_frontend,original-default,400,280,60,60,0,0,0,0,0,0
python/test/unit/language/test_core.py::test_atomic_rmw_predicate,npu_or_frontend,original-default,1,1,0,0,0,0,0,0,0,0
python/test/unit/language/test_core.py::test_tensor_atomic_rmw,npu_or_frontend,original-default,84,70,14,0,0,0,0,0,0,0
python/test/unit/language/test_core.py::test_tensor_atomic_add_non_exclusive_offset,npu_or_frontend,original-default,18,17,1,0,0,0,0,0,0,0
python/test/unit/language/test_core.py::test_tensor_atomic_add_shift_1,npu_or_frontend,original-default,18,18,0,0,0,0,0,0,0,0
python/test/unit/language/test_core.py::test_tensor_atomic_add_access_patterns,npu_or_frontend,original-default,240,240,0,0,0,0,0,0,0,0
python/test/unit/language/test_core.py::test_tensor_atomic_rmw_block,npu_or_frontend,original-default,1,1,0,0,0,0,0,0,0,0
python/test/unit/language/test_core.py::test_atomic_cas,npu_or_frontend,original-default,10,0,0,0,0,0,0,10,0,0
python/test/unit/language/test_core.py::test_tensor_atomic_cas,npu_or_frontend,original-default,90,60,30,0,0,0,0,0,0,0
python/test/unit/language/test_core.py::test_load_scope_sem_coop_grid_cta_not_one,npu_or_frontend,original-default,1,0,0,1,0,0,0,0,0,0
python/test/unit/language/test_core.py::test_load_scope_sem_coop_grid_cta_one,npu_or_frontend,original-default,1,1,0,0,0,0,0,0,0,0
python/test/unit/language/test_core.py::test_atomic_min_max_neg_zero,npu_or_frontend,original-default,1,1,0,0,0,0,0,0,0,0
python/test/unit/language/test_core.py::test_atomic_unsupported_type,npu_or_frontend,original-default,5,5,0,0,0,0,0,0,0,0
python/test/unit/language/test_core.py::test_tensor_atomic_use_result,npu_or_frontend,original-default,12,12,0,0,0,0,0,0,0,0
python/test/unit/language/test_core.py::test_cast,npu_or_frontend,original-default,158,127,31,0,0,0,0,0,0,0
python/test/unit/language/test_core.py::test_cat,npu_or_frontend,original-default,14,12,2,0,0,0,0,0,0,0
python/test/unit/language/test_core.py::test_store_constant,npu_or_frontend,original-default,20,19,1,0,0,0,0,0,0,0
python/test/unit/language/test_core.py::test_load_store_same_ptr,npu_or_frontend,original-default,1,1,0,0,0,0,0,0,0,0
python/test/unit/language/test_core.py::test_umulhi,npu_or_frontend,original-default,1,1,0,0,0,0,0,0,0,0
python/test/unit/language/test_core.py::test_join,npu_or_frontend,original-default,1,1,0,0,0,0,0,0,0,0
python/test/unit/language/test_core.py::test_join_scalars,npu_or_frontend,original-default,1,1,0,0,0,0,0,0,0,0
python/test/unit/language/test_core.py::test_join_with_mma,npu_or_frontend,original-default,1,1,0,0,0,0,0,0,0,0
python/test/unit/language/test_core.py::test_interleave,npu_or_frontend,original-default,2,2,0,0,0,0,0,0,0,0
python/test/unit/language/test_core.py::test_interleave_scalars,npu_or_frontend,original-default,1,1,0,0,0,0,0,0,0,0
python/test/unit/language/test_core.py::test_split,npu_or_frontend,original-default,1,1,0,0,0,0,0,0,0,0
python/test/unit/language/test_core.py::test_split_to_scalar,npu_or_frontend,original-default,1,1,0,0,0,0,0,0,0,0
python/test/unit/language/test_core.py::test_convert_float16_to_float32,npu_or_frontend,original-default,2,2,0,0,0,0,0,0,0,0
python/test/unit/language/test_core.py::test_max_returns_zero,npu_or_frontend,original-default,1,1,0,0,0,0,0,0,0,0
python/test/unit/language/test_core.py::test_max_min_with_nan,npu_or_frontend,original-default,1,1,0,0,0,0,0,0,0,0
python/test/unit/language/test_core.py::test_reduce1d,npu_or_frontend,original-default,336,304,32,0,0,0,0,0,0,0
python/test/unit/language/test_core.py::test_reduce,npu_or_frontend,original-default,178,167,11,0,0,0,0,0,0,0
python/test/unit/language/test_core.py::test_sum_dtype,npu_or_frontend,original-default,1,0,1,0,0,0,0,0,0,0
python/test/unit/language/test_core.py::test_scan2d,npu_or_frontend,original-default,1009,897,0,112,0,0,0,0,0,0
python/test/unit/language/test_core.py::test_histogram,npu_or_frontend,original-default,7,7,0,0,0,0,0,0,0,0
python/test/unit/language/test_core.py::test_histogram_silent_data_corruption,npu_or_frontend,original-default,1,1,0,0,0,0,0,0,0,0
python/test/unit/language/test_core.py::test_histogram_mask,npu_or_frontend,original-default,7,7,0,0,0,0,0,0,0,0
python/test/unit/language/test_core.py::test_scan_1d,npu_or_frontend,original-default,7,7,0,0,0,0,0,0,0,0
python/test/unit/language/test_core.py::test_optimize_thread_locality,npu_or_frontend,original-default,54,0,54,0,0,0,0,0,0,0
python/test/unit/language/test_core.py::test_no_rematerialization_op,npu_or_frontend,original-default,1,0,1,0,0,0,0,0,0,0
python/test/unit/language/test_core.py::test_generic_reduction,npu_or_frontend,original-default,1,1,0,0,0,0,0,0,0,0
python/test/unit/language/test_core.py::test_permute,npu_or_frontend,original-default,6,4,2,0,0,0,0,0,0,0
python/test/unit/language/test_core.py::test_trans_2d,npu_or_frontend,original-default,8,4,4,0,0,0,0,0,0,0
python/test/unit/language/test_core.py::test_trans_4d,npu_or_frontend,original-default,96,48,48,0,0,0,0,0,0,0
python/test/unit/language/test_core.py::test_dot,npu_or_frontend,original-default,580,410,170,0,0,0,0,0,0,0
python/test/unit/language/test_core.py::test_scaled_dot,npu_or_frontend,original-default,1728,0,1728,0,0,0,0,0,0,0
python/test/unit/language/test_core.py::test_dot3d,npu_or_frontend,original-default,255,0,0,255,0,0,0,0,0,0
python/test/unit/language/test_core.py::test_dot_mulbroadcasted,npu_or_frontend,original-default,1,1,0,0,0,0,0,0,0,0
python/test/unit/language/test_core.py::test_full,npu_or_frontend,original-default,36,24,12,0,0,0,0,0,0,0
python/test/unit/language/test_core.py::test_constexpr,npu_or_frontend,original-default,10,9,1,0,0,0,0,0,0,0
python/test/unit/language/test_core.py::test_const,npu_or_frontend,original-default,16,11,5,0,0,0,0,0,0,0
python/test/unit/language/test_core.py::test_dot_without_load,npu_or_frontend,original-default,2,1,1,0,0,0,0,0,0,0
python/test/unit/language/test_core.py::test_arange,npu_or_frontend,original-default,4,4,0,0,0,0,0,0,0,0
python/test/unit/language/test_core.py::test_masked_load,npu_or_frontend,original-default,200,180,20,0,0,0,0,0,0,0
python/test/unit/language/test_core.py::test_masked_load_scalar,npu_or_frontend,original-default,4,4,0,0,0,0,0,0,0,0
python/test/unit/language/test_core.py::test_masked_load_shared_memory,npu_or_frontend,original-default,3,3,0,0,0,0,0,0,0,0
python/test/unit/language/test_core.py::test_load_cache_modifier,npu_or_frontend,original-default,4,4,0,0,0,0,0,0,0,0
python/test/unit/language/test_core.py::test_vectorization,npu_or_frontend,original-default,4,4,0,0,0,0,0,0,0,0
python/test/unit/language/test_core.py::test_vectorization_hints,npu_or_frontend,original-default,2,2,0,0,0,0,0,0,0,0
python/test/unit/language/test_core.py::test_assume,npu_or_frontend,original-default,1,0,1,0,0,0,0,0,0,0
python/test/unit/language/test_core.py::test_store_cache_modifier,npu_or_frontend,original-default,5,5,0,0,0,0,0,0,0,0
python/test/unit/language/test_core.py::test_store_eviction_policy,npu_or_frontend,original-default,3,3,0,0,0,0,0,0,0,0
python/test/unit/language/test_core.py::test_default,npu_or_frontend,original-default,1,1,0,0,0,0,0,0,0,0
python/test/unit/language/test_core.py::test_pointer_arguments,npu_or_frontend,original-default,3,1,2,0,0,0,0,0,0,0
python/test/unit/language/test_core.py::test_value_specialization,npu_or_frontend,original-default,11,11,0,0,0,0,0,0,0,0
python/test/unit/language/test_core.py::test_value_specialization_overflow,npu_or_frontend,original-default,4,4,0,0,0,0,0,0,0,0
python/test/unit/language/test_core.py::test_bin_op_constexpr,npu_or_frontend,original-default,48,43,5,0,0,0,0,0,0,0
python/test/unit/language/test_core.py::test_constexpr_shape,npu_or_frontend,original-default,1,1,0,0,0,0,0,0,0,0
python/test/unit/language/test_core.py::test_constexpr_scalar_shape,npu_or_frontend,original-default,1,1,0,0,0,0,0,0,0,0
python/test/unit/language/test_core.py::test_reshape,npu_or_frontend,original-default,4,4,0,0,0,0,0,0,0,0
python/test/unit/language/test_core.py::test_reshape_err,npu_or_frontend,original-default,1,1,0,0,0,0,0,0,0,0
python/test/unit/language/test_core.py::test_tma_load_block_shape_err,npu_or_frontend,original-default,1,1,0,0,0,0,0,0,0,0
python/test/unit/language/test_core.py::test_tma_store_block_shape_err,npu_or_frontend,original-default,1,1,0,0,0,0,0,0,0,0
python/test/unit/language/test_core.py::test_trans_reshape,npu_or_frontend,original-default,1,0,1,0,0,0,0,0,0,0
python/test/unit/language/test_core.py::test_call,npu_or_frontend,original-default,2,2,0,0,0,0,0,0,0,0
python/test/unit/language/test_core.py::test_if,npu_or_frontend,original-default,7,7,0,0,0,0,0,0,0,0
python/test/unit/language/test_core.py::test_num_warps_pow2,npu_or_frontend,original-default,1,0,1,0,0,0,0,0,0,0
python/test/unit/language/test_core.py::test_inline_asm,npu_or_frontend,original-default,1,0,0,1,0,0,0,0,0,0
python/test/unit/language/test_core.py::test_inline_asm_packed,npu_or_frontend,original-default,1,0,0,1,0,0,0,0,0,0
python/test/unit/language/test_core.py::test_inline_asm_with_pointers,npu_or_frontend,original-default,1,0,0,1,0,0,0,0,0,0
python/test/unit/language/test_core.py::test_inline_asm_multiple_outputs,npu_or_frontend,original-default,1,0,0,1,0,0,0,0,0,0
python/test/unit/language/test_core.py::test_inline_asm_packed_multiple_outputs,npu_or_frontend,original-default,1,0,0,1,0,0,0,0,0,0
python/test/unit/language/test_core.py::test_map_elementwise,npu_or_frontend,original-default,1,1,0,0,0,0,0,0,0,0
python/test/unit/language/test_core.py::test_map_elementwise_multiple_outputs,npu_or_frontend,original-default,1,1,0,0,0,0,0,0,0,0
python/test/unit/language/test_core.py::test_map_elementwise_pack,npu_or_frontend,original-default,1,1,0,0,0,0,0,0,0,0
python/test/unit/language/test_core.py::test_for_iv,npu_or_frontend,original-default,8,2,6,0,0,0,0,0,0,0
python/test/unit/language/test_core.py::test_if_else,npu_or_frontend,original-default,1,1,0,0,0,0,0,0,0,0
python/test/unit/language/test_core.py::test_if_return,npu_or_frontend,original-default,2,2,0,0,0,0,0,0,0,0
python/test/unit/language/test_core.py::test_if_call,npu_or_frontend,original-default,8,6,2,0,0,0,0,0,0,0
python/test/unit/language/test_core.py::test_nested_if_else_return,npu_or_frontend,original-default,8,8,0,0,0,0,0,0,0,0
python/test/unit/language/test_core.py::test_while,npu_or_frontend,original-default,1,1,0,0,0,0,0,0,0,0
python/test/unit/language/test_core.py::test_nested_while,npu_or_frontend,original-default,1,1,0,0,0,0,0,0,0,0
python/test/unit/language/test_core.py::test_constexpr_if_return,npu_or_frontend,original-default,1,1,0,0,0,0,0,0,0,0
python/test/unit/language/test_core.py::test_constexpr_flattens,npu_or_frontend,original-default,1,1,0,0,0,0,0,0,0,0
python/test/unit/language/test_core.py::test_constexpr_assignment,npu_or_frontend,original-default,3,3,0,0,0,0,0,0,0,0
python/test/unit/language/test_core.py::test_poison_return,npu_or_frontend,original-default,1,0,1,0,0,0,0,0,0,0
python/test/unit/language/test_core.py::test_num_threads,npu_or_frontend,original-default,1,1,0,0,0,0,0,0,0,0
python/test/unit/language/test_core.py::test_globaltimer,npu_or_frontend,original-default,1,0,0,1,0,0,0,0,0,0
python/test/unit/language/test_core.py::test_smid,npu_or_frontend,original-default,1,0,0,1,0,0,0,0,0,0
python/test/unit/language/test_core.py::test_load_scalar_with_mask,npu_or_frontend,original-default,1,1,0,0,0,0,0,0,0,0
python/test/unit/language/test_core.py::test_ptx_cast,npu_or_frontend,original-default,2,1,1,0,0,0,0,0,0,0
python/test/unit/language/test_core.py::test_dot_max_num_imprecise_acc,npu_or_frontend,original-default,24,8,16,0,0,0,0,0,0,0
python/test/unit/language/test_core.py::test_enable_fp_fusion,npu_or_frontend,original-default,4,4,0,0,0,0,0,0,0,0
python/test/unit/language/test_core.py::test_enable_reflect_ftz,npu_or_frontend,original-default,2,0,0,2,0,0,0,0,0,0
python/test/unit/language/test_core.py::test_override_arch,npu_or_frontend,original-default,12,0,0,12,0,0,0,0,0,0
python/test/unit/language/test_core.py::test_num_ctas_pre_sm90,npu_or_frontend,original-default,1,0,0,1,0,0,0,0,0,0
python/test/unit/language/test_core.py::test_propagate_nan,npu_or_frontend,original-default,12,4,8,0,0,0,0,0,0,0
python/test/unit/language/test_core.py::test_clamp,npu_or_frontend,original-default,2,2,0,0,0,0,0,0,0,0
python/test/unit/language/test_core.py::test_clamp_symmetric,npu_or_frontend,original-default,3,3,0,0,0,0,0,0,0,0
python/test/unit/language/test_core.py::test_static_range,npu_or_frontend,original-default,1,1,0,0,0,0,0,0,0,0
python/test/unit/language/test_core.py::test_tl_range_num_stages,npu_or_frontend,original-default,1,1,0,0,0,0,0,0,0,0
python/test/unit/language/test_core.py::test_tl_range_fuse,npu_or_frontend,original-default,1,0,1,0,0,0,0,0,0,0
python/test/unit/language/test_core.py::test_tl_range_fuse_dependent,npu_or_frontend,original-default,1,0,1,0,0,0,0,0,0,0
python/test/unit/language/test_core.py::test_tl_range_option_none,npu_or_frontend,original-default,1,1,0,0,0,0,0,0,0,0
python/test/unit/language/test_core.py::test_disable_licm,npu_or_frontend,original-default,1,0,1,0,0,0,0,0,0,0
python/test/unit/language/test_core.py::test_maxnreg,npu_or_frontend,original-default,1,0,0,1,0,0,0,0,0,0
python/test/unit/language/test_core.py::test_temp_var_in_loop,npu_or_frontend,original-default,1,1,0,0,0,0,0,0,0,0
python/test/unit/language/test_core.py::test_num_programs,npu_or_frontend,original-default,1,1,0,0,0,0,0,0,0,0
python/test/unit/language/test_core.py::test_unroll_attr,npu_or_frontend,original-default,1,1,0,0,0,0,0,0,0,0
python/test/unit/language/test_core.py::test_side_effectful_reduction,npu_or_frontend,original-default,1,0,0,1,0,0,0,0,0,0
python/test/unit/language/test_core.py::test_side_effectful_reduction_2d,npu_or_frontend,original-default,2,0,0,2,0,0,0,0,0,0
python/test/unit/language/test_core.py::test_dtype,npu_or_frontend,original-default,1,1,0,0,0,0,0,0,0,0
python/test/unit/language/test_core.py::test_side_effectful_scan,npu_or_frontend,original-default,1,0,0,1,0,0,0,0,0,0
python/test/unit/language/test_core.py::test_chained_reductions,npu_or_frontend,original-default,2,0,2,0,0,0,0,0,0,0
python/test/unit/language/test_core.py::test_gather,npu_or_frontend,original-default,4,2,2,0,0,0,0,0,0,0
python/test/unit/language/test_core.py::test_jit_function_arg,npu_or_frontend,original-default,1,1,0,0,0,0,0,0,0,0
python/test/unit/language/test_core.py::test_zero_strided_tensors,npu_or_frontend,original-default,1,0,1,0,0,0,0,0,0,0
python/test/unit/language/test_core.py::test_aliasing,npu_or_frontend,original-default,1,1,0,0,0,0,0,0,0,0
python/test/unit/language/test_core.py::test_strided_load,npu_or_frontend,original-default,12,10,2,0,0,0,0,0,0,0
python/test/unit/language/test_core.py::test_strided_store,npu_or_frontend,original-default,12,10,2,0,0,0,0,0,0,0
python/test/unit/language/test_core.py::test_indirect_load,npu_or_frontend,original-default,12,10,2,0,0,0,0,0,0,0
python/test/unit/language/test_core.py::test_indirect_store,npu_or_frontend,original-default,12,10,2,0,0,0,0,0,0,0
python/test/unit/language/test_core.py::test_dtype_tensor,npu_or_frontend,original-default,13,13,0,0,0,0,0,0,0,0
python/test/unit/language/test_core.py::test_short_circuiting,npu_or_frontend,original-default,1,1,0,0,0,0,0,0,0,0
python/test/unit/language/test_core.py::test_unsplat,npu_or_frontend,original-default,1,1,0,0,0,0,0,0,0,0
python/test/unit/language/test_core.py::test_cumsum_dtype,npu_or_frontend,original-default,1,1,0,0,0,0,0,0,0,0
python/test/unit/language/test_core.py::test_tensor_member,npu_or_frontend,original-default,1,1,0,0,0,0,0,0,0,0
python/test/unit/language/test_core.py::test_dot_multidim,npu_or_frontend,original-default,20,4,16,0,0,0,0,0,0,0
python/test/unit/language/test_decorator.py::test_decorator_with_def,npu_or_frontend,original-default,1,1,0,0,0,0,0,0,0,0
python/test/unit/language/test_decorator.py::test_triton_heuristic,npu_or_frontend,original-default,1,1,0,0,0,0,0,0,0,0
python/test/unit/language/test_frontend.py::test_assign_attribute,npu_or_frontend,original-default,1,1,0,0,0,0,0,0,0,0
python/test/unit/language/test_frontend.py::test_augassign_attribute,npu_or_frontend,original-default,1,1,0,0,0,0,0,0,0,0
python/test/unit/language/test_frontend.py::test_retrieve_item,npu_or_frontend,original-default,1,1,0,0,0,0,0,0,0,0
python/test/unit/language/test_frontend.py::test_assign_item,npu_or_frontend,original-default,1,1,0,0,0,0,0,0,0,0
python/test/unit/language/test_frontend.py::test_augassign_item,npu_or_frontend,original-default,1,1,0,0,0,0,0,0,0,0
python/test/unit/language/test_frontend.py::test_jit_method,npu_or_frontend,original-default,1,1,0,0,0,0,0,0,0,0
python/test/unit/language/test_frontend.py::test_jit_getitem,npu_or_frontend,original-default,1,1,0,0,0,0,0,0,0,0
python/test/unit/language/test_frontend.py::test_aggregate_initializers,npu_or_frontend,original-default,1,1,0,0,0,0,0,0,0,0
python/test/unit/language/test_frontend.py::test_aggregate_modification_in_for_loop,npu_or_frontend,original-default,1,1,0,0,0,0,0,0,0,0
python/test/unit/language/test_frontend.py::test_aggregate_modification_in_while_loop,npu_or_frontend,original-default,1,1,0,0,0,0,0,0,0,0
python/test/unit/language/test_frontend.py::test_list_of_functions,npu_or_frontend,original-default,1,1,0,0,0,0,0,0,0,0
python/test/unit/language/test_frontend.py::test_call_in_loop,npu_or_frontend,original-default,1,1,0,0,0,0,0,0,0,0
python/test/unit/language/test_frontend.py::test_function_name_mangling,npu_or_frontend,original-default,1,1,0,0,0,0,0,0,0,0
python/test/unit/language/test_frontend.py::test_aggregate_with_constexpr,npu_or_frontend,original-default,1,1,0,0,0,0,0,0,0,0
python/test/unit/language/test_frontend.py::test_aggregate_with_tuple,npu_or_frontend,original-default,1,1,0,0,0,0,0,0,0,0
python/test/unit/language/test_frontend.py::test_constexpr_function_from_jit,npu_or_frontend,original-default,1,1,0,0,0,0,0,0,0,0
python/test/unit/language/test_frontend.py::test_constexpr_function_from_python,npu_or_frontend,original-default,1,1,0,0,0,0,0,0,0,0
python/test/unit/language/test_frontend.py::test_assign_tuple_attrs_kernel,npu_or_frontend,original-default,1,1,0,0,0,0,0,0,0,0
python/test/unit/language/test_frontend.py::test_reassign_aggregate_with_constexpr,npu_or_frontend,original-default,1,1,0,0,0,0,0,0,0,0
python/test/unit/language/test_frontend.py::test_constexpr_getitem,npu_or_frontend,original-default,1,1,0,0,0,0,0,0,0,0
python/test/unit/language/test_frontend.py::test_late_bound_class_reference,npu_or_frontend,original-default,1,1,0,0,0,0,0,0,0,0
python/test/unit/language/test_frontend.py::test_specialized_recursion,npu_or_frontend,original-default,1,1,0,0,0,0,0,0,0,0
python/test/unit/language/test_frontend.py::test_call_in_while,npu_or_frontend,original-default,1,1,0,0,0,0,0,0,0,0
python/test/unit/language/test_frontend.py::test_return_in_while,npu_or_frontend,original-default,1,1,0,0,0,0,0,0,0,0
python/test/unit/language/test_frontend.py::test_tuple_constexpr,npu_or_frontend,original-default,1,0,1,0,0,0,0,0,0,0
python/test/unit/language/test_frontend.py::test_aggregate_constexpr_function,npu_or_frontend,original-default,1,1,0,0,0,0,0,0,0,0
python/test/unit/language/test_frontend.py::test_constexpr_function_taking_list,npu_or_frontend,original-default,1,1,0,0,0,0,0,0,0,0
python/test/unit/language/test_frontend.py::test_constexpr_min_max,npu_or_frontend,original-default,1,1,0,0,0,0,0,0,0,0
python/test/unit/language/test_frontend.py::test_constexpr_min_error,npu_or_frontend,original-default,1,1,0,0,0,0,0,0,0,0
python/test/unit/language/test_frontend.py::test_constexpr_max_error,npu_or_frontend,original-default,1,1,0,0,0,0,0,0,0,0
python/test/unit/language/test_frontend.py::test_for_loop_iv_modification,npu_or_frontend,original-default,1,1,0,0,0,0,0,0,0,0
python/test/unit/language/test_libdevice.py::test_bessel,npu_or_frontend,original-default,12,0,12,0,0,0,0,0,0,0
python/test/unit/language/test_libdevice.py::test_libdevice_rename,npu_or_frontend,original-default,1,1,0,0,0,0,0,0,0,0
python/test/unit/language/test_line_info.py::test_line_info,npu_or_frontend,original-default,6,0,0,6,0,0,0,0,0,0
python/test/unit/language/test_line_info.py::test_line_info_interpreter,npu_or_frontend,original-default,6,0,0,6,0,0,0,0,0,0
python/test/unit/language/test_line_info.py::test_line_info_env,npu_or_frontend,original-default,2,0,0,2,0,0,0,0,0,0
python/test/unit/language/test_line_info.py::test_line_info_ir_source,npu_or_frontend,original-default,2,0,0,2,0,0,0,0,0,0
python/test/unit/language/test_line_info.py::test_use_name_loc_as_prefix,npu_or_frontend,original-default,1,0,1,0,0,0,0,0,0,0
python/test/unit/language/test_line_info.py::test_map_elementwise_has_lineinfo,npu_or_frontend,original-default,1,1,0,0,0,0,0,0,0,0
python/test/unit/language/test_matmul.py::test_simple_matmul,npu_or_frontend,adapted-default,1680,0,0,1680,0,0,0,0,0,0
python/test/unit/language/test_matmul.py::test_simple_persistent_matmul,npu_or_frontend,adapted-default,28,0,28,0,0,0,0,0,0,0
python/test/unit/language/test_matmul.py::test_mxfp,npu_or_frontend,adapted-default,28,24,4,0,0,0,0,0,0,0
python/test/unit/language/test_matmul.py::test_preshuffle_scale_mxfp_cdna4,npu_or_frontend,adapted-default,48,0,40,8,0,0,0,0,0,0
python/test/unit/language/test_matmul.py::test_blocked_scale_mxfp,npu_or_frontend,adapted-default,90,0,0,90,0,0,0,0,0,0
python/test/unit/language/test_matmul.py::test_lhs_in_tmem,npu_or_frontend,adapted-default,30,0,0,30,0,0,0,0,0,0
python/test/unit/language/test_matmul.py::test_lhs_in_tmem_mxfp,npu_or_frontend,adapted-default,1,0,0,1,0,0,0,0,0,0
python/test/unit/language/test_matmul.py::test_block_scale_fp4,npu_or_frontend,adapted-default,96,5,91,0,0,0,0,0,0,0
python/test/unit/language/test_matmul.py::test_mxfp8_mxfp4_matmul,npu_or_frontend,adapted-default,3456,68,2236,1152,0,0,0,0,0,0
python/test/unit/language/test_mxfp.py::TestMXFP4Tensor::test_roundtrip,cpu,original-default,2,2,0,0,0,0,0,0,0,0
python/test/unit/language/test_mxfp.py::TestMXFP4Tensor::test_packed_tensor,cpu,original-default,2,2,0,0,0,0,0,0,0,0
python/test/unit/language/test_mxfp.py::TestMXFP4Tensor::test_padding,cpu,original-default,1,1,0,0,0,0,0,0,0,0
python/test/unit/language/test_mxfp.py::TestMXFP4Tensor::test_zero_values,cpu,original-default,1,1,0,0,0,0,0,0,0,0
python/test/unit/language/test_mxfp.py::TestMXFP4Tensor::test_out_of_range_values,cpu,original-default,1,1,0,0,0,0,0,0,0,0
python/test/unit/language/test_mxfp.py::TestMXFP4Tensor::test_subnormal_numbers,cpu,original-default,1,1,0,0,0,0,0,0,0,0
python/test/unit/language/test_mxfp.py::TestMXFP4Tensor::test_rounding_edge_cases,cpu,original-default,1,1,0,0,0,0,0,0,0,0
python/test/unit/language/test_mxfp.py::TestMXFP4Tensor::test_negative_values,cpu,original-default,1,1,0,0,0,0,0,0,0,0
python/test/unit/language/test_mxfp.py::TestMXFP4Tensor::test_negative_out_of_range,cpu,original-default,1,1,0,0,0,0,0,0,0,0
python/test/unit/language/test_mxfp.py::TestMXFP4Tensor::test_packing,cpu,original-default,4,4,0,0,0,0,0,0,0,0
python/test/unit/language/test_mxfp.py::TestMXFP4Tensor::test_packing_with_padding,cpu,original-default,1,1,0,0,0,0,0,0,0,0
python/test/unit/language/test_mxfp.py::TestMXFP4Tensor::test_invalid_packing_dimension,cpu,original-default,1,1,0,0,0,0,0,0,0,0
python/test/unit/language/test_mxfp.py::TestMXFP4Tensor::test_empty_tensor,cpu,original-default,1,1,0,0,0,0,0,0,0,0
python/test/unit/language/test_mxfp.py::TestMXScaleTensor::test_positive_values,cpu,original-default,1,1,0,0,0,0,0,0,0,0
python/test/unit/language/test_mxfp.py::TestMXScaleTensor::test_special_values,cpu,original-default,1,1,0,0,0,0,0,0,0,0
python/test/unit/language/test_mxfp.py::TestMXScaleTensor::test_e8m0_nan_to_float_nan,cpu,original-default,1,1,0,0,0,0,0,0,0,0
python/test/unit/language/test_mxfp.py::TestMXScaleTensor::test_random_generation,cpu,original-default,1,1,0,0,0,0,0,0,0,0
python/test/unit/language/test_mxfp.py::TestMXScaleTensor::test_roundtrip,cpu,original-default,2,2,0,0,0,0,0,0,0,0
python/test/unit/language/test_pipeliner.py::test_pipeline_matmul,npu_or_frontend,adapted-default,2,1,0,1,0,0,0,0,0,0
python/test/unit/language/test_pipeliner.py::test_pipeline_vecadd,npu_or_frontend,adapted-default,1,1,0,0,0,0,0,0,0,0
python/test/unit/language/test_pipeliner.py::test_pipeline_epilogue,npu_or_frontend,adapted-default,20,20,0,0,0,0,0,0,0,0
python/test/unit/language/test_pipeliner.py::test_indirect_matmul,npu_or_frontend,adapted-default,9,6,3,0,0,0,0,0,0,0
python/test/unit/language/test_pipeliner.py::test_scatter_pipeline,npu_or_frontend,adapted-default,1,0,0,1,0,0,0,0,0,0
python/test/unit/language/test_pipeliner.py::test_conditional_store_pipeline,npu_or_frontend,adapted-default,3,0,3,0,0,0,0,0,0,0
python/test/unit/language/test_random.py::test_randint,npu_or_frontend,original-default,72,0,72,0,0,0,0,0,0,0
python/test/unit/language/test_random.py::test_rand,npu_or_frontend,original-default,16,16,0,0,0,0,0,0,0,0
python/test/unit/language/test_random.py::test_seed_is_int,npu_or_frontend,original-default,1,1,0,0,0,0,0,0,0,0
python/test/unit/language/test_random.py::test_randn,npu_or_frontend,original-default,16,16,0,0,0,0,0,0,0,0
python/test/unit/language/test_random.py::test_rand_limits,npu_or_frontend,original-default,2,2,0,0,0,0,0,0,0,0
python/test/unit/language/test_reproducer.py::test_triton_reproducer_path,npu_or_frontend,original-default,1,0,1,0,0,0,0,0,0,0
python/test/unit/language/test_standard.py::test_maximum_minium,npu_or_frontend,original-default,24,22,2,0,0,0,0,0,0,0
python/test/unit/language/test_standard.py::test_sort,npu_or_frontend,original-default,80,80,0,0,0,0,0,0,0,0
python/test/unit/language/test_standard.py::test_flip,npu_or_frontend,original-default,64,64,0,0,0,0,0,0,0,0
python/test/unit/language/test_standard.py::test_flip_inf,npu_or_frontend,original-default,1,1,0,0,0,0,0,0,0,0
python/test/unit/language/test_standard.py::test_ravel,npu_or_frontend,original-default,1,1,0,0,0,0,0,0,0,0
python/test/unit/language/test_standard.py::test_swizzle2d,npu_or_frontend,original-default,1,1,0,0,0,0,0,0,0,0
python/test/unit/language/test_subprocess.py::test_print,npu_or_frontend,original-default,31,0,31,0,0,0,0,0,0,0
python/test/unit/language/test_tensor_descriptor.py::test_tensor_descriptor_load,npu_or_frontend,original-default,108,54,0,54,0,0,0,0,0,0
python/test/unit/language/test_tensor_descriptor.py::test_tensor_descriptor_store,npu_or_frontend,original-default,108,54,0,54,0,0,0,0,0,0
python/test/unit/language/test_tensor_descriptor.py::test_tensor_descriptor_functional_interface,npu_or_frontend,original-default,9,9,0,0,0,0,0,0,0,0
python/test/unit/language/test_tensor_descriptor.py::test_tensor_descriptor_load3d,npu_or_frontend,original-default,36,34,0,2,0,0,0,0,0,0
python/test/unit/language/test_tensor_descriptor.py::test_tensor_descriptor_store3d,npu_or_frontend,original-default,36,34,0,2,0,0,0,0,0,0
python/test/unit/language/test_tensor_descriptor.py::test_tensor_descriptor_load_nd,npu_or_frontend,original-default,360,0,170,190,0,0,0,0,0,0
python/test/unit/language/test_tensor_descriptor.py::test_tensor_descriptor_store_nd,npu_or_frontend,original-default,360,0,170,190,0,0,0,0,0,0
python/test/unit/language/test_tensor_descriptor.py::test_tensor_descriptor_padding,npu_or_frontend,original-default,1,1,0,0,0,0,0,0,0,0
python/test/unit/language/test_tensor_descriptor.py::test_tensor_descriptor_in_function,npu_or_frontend,original-default,1,0,1,0,0,0,0,0,0,0
python/test/unit/language/test_tensor_descriptor.py::test_tensor_descriptor_return_value,npu_or_frontend,original-default,1,0,1,0,0,0,0,0,0,0
python/test/unit/language/test_tensor_descriptor.py::test_tensor_descriptor_argument,npu_or_frontend,original-default,1,0,1,0,0,0,0,0,0,0
python/test/unit/language/test_tensor_descriptor.py::test_make_tensor_descriptor_matmul,npu_or_frontend,original-default,14,7,0,7,0,0,0,0,0,0
python/test/unit/language/test_tensor_descriptor.py::test_make_tensor_descriptor_loop_carried,npu_or_frontend,original-default,1,0,1,0,0,0,0,0,0,0
python/test/unit/language/test_tensor_descriptor.py::test_tensor_descriptor_batched_gemm_2d_tma,npu_or_frontend,original-default,1,0,1,0,0,0,0,0,0,0
python/test/unit/language/test_tensor_descriptor.py::test_tensor_descriptor_batched_gemm_3d_tma,npu_or_frontend,original-default,1,0,1,0,0,0,0,0,0,0
python/test/unit/language/test_tensor_descriptor.py::test_tensor_descriptor_rank_reducing_load,npu_or_frontend,original-default,108,0,102,6,0,0,0,0,0,0
python/test/unit/language/test_tensor_descriptor.py::test_tensor_descriptor_rank_reducing_matmul,npu_or_frontend,original-default,3,3,0,0,0,0,0,0,0,0
python/test/unit/language/test_tensor_descriptor.py::test_tensor_descriptor_reshape_matmul,npu_or_frontend,original-default,3,3,0,0,0,0,0,0,0,0
python/test/unit/language/test_tensor_descriptor.py::test_mxfp8_mxfp4_matmul_tma,npu_or_frontend,original-default,24,0,24,0,0,0,0,0,0,0
python/test/unit/language/test_tensor_descriptor.py::test_tma_gather,npu_or_frontend,original-default,72,28,14,30,0,0,0,0,0,0
python/test/unit/language/test_tensor_descriptor.py::test_tma_gather_dot_pipeline,npu_or_frontend,original-default,1,1,0,0,0,0,0,0,0,0
python/test/unit/language/test_tensor_descriptor.py::test_tma_scatter,npu_or_frontend,original-default,72,28,14,30,0,0,0,0,0,0
python/test/unit/language/test_tensor_descriptor.py::test_tensor_descriptor_reduce,npu_or_frontend,original-default,1296,632,16,648,0,0,0,0,0,0
python/test/unit/language/test_tensor_descriptor.py::test_host_tensor_descriptor_load,npu_or_frontend,original-default,72,36,0,36,0,0,0,0,0,0
python/test/unit/language/test_tensor_descriptor.py::test_host_tensor_descriptor_matmul,npu_or_frontend,original-default,14,7,0,7,0,0,0,0,0,0
python/test/unit/language/test_tensor_descriptor.py::test_tensor_descriptor_store_downcast,npu_or_frontend,original-default,2,2,0,0,0,0,0,0,0,0
python/test/unit/language/test_tuple.py::test_index,npu_or_frontend,original-default,5,0,5,0,0,0,0,0,0,0
python/test/unit/language/test_tuple.py::test_assign,npu_or_frontend,original-default,1,0,1,0,0,0,0,0,0,0
python/test/unit/language/test_tuple.py::test_assign_return,npu_or_frontend,original-default,1,1,0,0,0,0,0,0,0,0
python/test/unit/language/test_tuple.py::test_serialize,npu_or_frontend,original-default,1,0,1,0,0,0,0,0,0,0
python/test/unit/language/test_tuple.py::test_namedtuple,npu_or_frontend,original-default,1,0,1,0,0,0,0,0,0,0
python/test/unit/language/test_tuple.py::test_eq,npu_or_frontend,original-default,1,1,0,0,0,0,0,0,0,0
python/test/unit/language/test_tuple.py::test_add,npu_or_frontend,original-default,1,1,0,0,0,0,0,0,0,0
python/test/unit/language/test_tuple.py::test_passing_tuple_with_constexpr,npu_or_frontend,original-default,1,0,1,0,0,0,0,0,0,0
python/test/unit/language/test_tuple.py::test_passing_nested_tuple_with_constexpr,npu_or_frontend,original-default,1,0,1,0,0,0,0,0,0,0
python/test/unit/language/test_tuple.py::test_passing_nested_tuple_with_constexpr_and_jit_hook,npu_or_frontend,original-default,1,1,0,0,0,0,0,0,0,0
python/test/unit/language/test_tuple.py::test_passing_tuple_to_make_tensor_descriptor,npu_or_frontend,original-default,1,0,1,0,0,0,0,0,0,0
python/test/unit/language/test_tuple.py::test_modifying_tuples,npu_or_frontend,original-default,1,1,0,0,0,0,0,0,0,0
python/test/unit/language/test_tuple.py::test_tuple_logic,npu_or_frontend,original-default,1,1,0,0,0,0,0,0,0,0
python/test/unit/language/test_tuple.py::test_tuple_float,npu_or_frontend,original-default,1,1,0,0,0,0,0,0,0,0
python/test/unit/language/test_warp_specialization.py::test_warp_specialize_basic_ir,npu_or_frontend,original-default,1,0,0,1,0,0,0,0,0,0
python/test/unit/language/test_warp_specialization.py::test_warp_specialize_tmem_ir,npu_or_frontend,original-default,1,0,0,1,0,0,0,0,0,0
python/test/unit/language/test_warp_specialization.py::test_warpgroup_reduction,npu_or_frontend,original-default,1,0,0,1,0,0,0,0,0,0
python/test/unit/language/test_warp_specialization.py::test_warp_specialize_tma_matmul,npu_or_frontend,original-default,64,0,0,64,0,0,0,0,0,0
python/test/unit/language/test_warp_specialization.py::test_warp_specialize_tma_matmul_persistent,npu_or_frontend,original-default,64,0,0,64,0,0,0,0,0,0
python/test/unit/language/test_warp_specialization.py::test_warp_specialize_attention_forward,npu_or_frontend,original-default,128,0,0,128,0,0,0,0,0,0
python/test/unit/runtime/test_autotuner.py::test_kwargs,npu_or_frontend,original-default,2,1,0,0,1,0,0,0,0,0
python/test/unit/runtime/test_autotuner.py::test_no_do_bench,npu_or_frontend,original-default,1,1,0,0,0,0,0,0,0,0
python/test/unit/runtime/test_autotuner.py::test_restore,npu_or_frontend,original-default,2,2,0,0,0,0,0,0,0,0
python/test/unit/runtime/test_autotuner.py::test_hooks,npu_or_frontend,original-default,1,1,0,0,0,0,0,0,0,0
python/test/unit/runtime/test_autotuner.py::test_prune_configs,npu_or_frontend,original-default,2,2,0,0,0,0,0,0,0,0
python/test/unit/runtime/test_autotuner.py::test_override_ttir,npu_or_frontend,original-default,1,0,0,1,0,0,0,0,0,0
python/test/unit/runtime/test_autotuner.py::test_override_ttgir,npu_or_frontend,original-default,1,0,0,1,0,0,0,0,0,0
python/test/unit/runtime/test_autotuner.py::test_override_ptx,npu_or_frontend,original-default,1,0,0,1,0,0,0,0,0,0
python/test/unit/runtime/test_autotuner.py::test_exceed_tmem,npu_or_frontend,original-default,1,0,0,1,0,0,0,0,0,0
python/test/unit/runtime/test_autotuner.py::test_exceed_threads,npu_or_frontend,original-default,1,0,0,1,0,0,0,0,0,0
python/test/unit/runtime/test_autotuner.py::test_prune_all_configs,npu_or_frontend,original-default,1,1,0,0,0,0,0,0,0,0
python/test/unit/runtime/test_bindings.py::test_module_walk,npu_or_frontend,original-default,1,1,0,0,0,0,0,0,0,0
python/test/unit/runtime/test_bindings.py::test_python_func_in_visit_call,npu_or_frontend,original-default,1,1,0,0,0,0,0,0,0,0
python/test/unit/runtime/test_blaslt.py::test_blaslt,npu_or_frontend,original-default,12,0,0,12,0,0,0,0,0,0
python/test/unit/runtime/test_build.py::test_compile_module,npu_or_frontend,original-default,1,1,0,0,0,0,0,0,0,0
python/test/unit/runtime/test_build.py::test_compile_module_bad_cache,npu_or_frontend,original-default,1,1,0,0,0,0,0,0,0,0
python/test/unit/runtime/test_cache.py::test_nochange,npu_or_frontend,original-default,1,1,0,0,0,0,0,0,0,0
python/test/unit/runtime/test_cache.py::test_toplevel_change,npu_or_frontend,original-default,1,1,0,0,0,0,0,0,0,0
python/test/unit/runtime/test_cache.py::test_nested1_change,npu_or_frontend,original-default,1,1,0,0,0,0,0,0,0,0
python/test/unit/runtime/test_cache.py::test_nested2_change,npu_or_frontend,original-default,1,1,0,0,0,0,0,0,0,0
python/test/unit/runtime/test_cache.py::test_combine_fn_change,npu_or_frontend,original-default,1,1,0,0,0,0,0,0,0,0
python/test/unit/runtime/test_cache.py::test_constexpr_fn_change,npu_or_frontend,original-default,1,1,0,0,0,0,0,0,0,0
python/test/unit/runtime/test_cache.py::test_invalid_constexpr_fn,npu_or_frontend,original-default,1,1,0,0,0,0,0,0,0,0
python/test/unit/runtime/test_cache.py::test_changed_line_numbers_invalidate_cache,npu_or_frontend,original-default,1,1,0,0,0,0,0,0,0,0
python/test/unit/runtime/test_cache.py::test_reuse,npu_or_frontend,original-default,1,1,0,0,0,0,0,0,0,0
python/test/unit/runtime/test_cache.py::test_specialize,npu_or_frontend,original-default,3,2,1,0,0,0,0,0,0,0
python/test/unit/runtime/test_cache.py::test_annotation,npu_or_frontend,original-default,1,0,1,0,0,0,0,0,0,0
python/test/unit/runtime/test_cache.py::test_kernel_default_arg,npu_or_frontend,original-default,1,1,0,0,0,0,0,0,0,0
python/test/unit/runtime/test_cache.py::test_kernel_global_var_change,npu_or_frontend,original-default,1,1,0,0,0,0,0,0,0,0
python/test/unit/runtime/test_cache.py::test_local_shadows_global,npu_or_frontend,original-default,1,1,0,0,0,0,0,0,0,0
python/test/unit/runtime/test_cache.py::test_local_does_not_shadow_global,npu_or_frontend,original-default,1,1,0,0,0,0,0,0,0,0
python/test/unit/runtime/test_cache.py::test_conflicting_global_in_inner_function,npu_or_frontend,original-default,1,1,0,0,0,0,0,0,0,0
python/test/unit/runtime/test_cache.py::test_use_builtin,npu_or_frontend,original-default,1,1,0,0,0,0,0,0,0,0
python/test/unit/runtime/test_cache.py::test_no_cache_module_as_global,npu_or_frontend,original-default,1,1,0,0,0,0,0,0,0,0
python/test/unit/runtime/test_cache.py::test_cache_builtin_as_global,npu_or_frontend,original-default,1,1,0,0,0,0,0,0,0,0
python/test/unit/runtime/test_cache.py::test_cache_closure,npu_or_frontend,original-default,1,1,0,0,0,0,0,0,0,0
python/test/unit/runtime/test_cache.py::test_no_cache_callable,npu_or_frontend,original-default,1,1,0,0,0,0,0,0,0,0
python/test/unit/runtime/test_cache.py::test_constexpr_cache_invalidation_recreated,npu_or_frontend,original-default,1,1,0,0,0,0,0,0,0,0
python/test/unit/runtime/test_cache.py::test_jit_warmup_cache,npu_or_frontend,original-default,1,1,0,0,0,0,0,0,0,0
python/test/unit/runtime/test_cache.py::test_jit_debug,npu_or_frontend,original-default,1,1,0,0,0,0,0,0,0,0
python/test/unit/runtime/test_cache.py::test_jit_noinline,npu_or_frontend,original-default,1,0,1,0,0,0,0,0,0,0
python/test/unit/runtime/test_cache.py::test_preload,npu_or_frontend,original-default,1,1,0,0,0,0,0,0,0,0
python/test/unit/runtime/test_cache.py::test_hooks,npu_or_frontend,original-default,1,1,0,0,0,0,0,0,0,0
python/test/unit/runtime/test_cache.py::test_within_2gb,npu_or_frontend,original-default,1,0,0,1,0,0,0,0,0,0
python/test/unit/runtime/test_cache.py::test_function_arguments,npu_or_frontend,original-default,1,0,1,0,0,0,0,0,0,0
python/test/unit/runtime/test_cache.py::test_async_compile_mock,npu_or_frontend,original-default,1,1,0,0,0,0,0,0,0,0
python/test/unit/runtime/test_cache.py::test_async_compile,npu_or_frontend,original-default,1,1,0,0,0,0,0,0,0,0
python/test/unit/runtime/test_cache.py::test_higher_order_kernel,npu_or_frontend,original-default,1,1,0,0,0,0,0,0,0,0
python/test/unit/runtime/test_compilation_listener.py::test_compile_stats,npu_or_frontend,original-default,1,1,0,0,0,0,0,0,0,0
python/test/unit/runtime/test_driver.py::test_is_lazy,npu_or_frontend,original-default,1,1,0,0,0,0,0,0,0,0
python/test/unit/runtime/test_driver.py::test_kernel_in_thread,npu_or_frontend,original-default,1,1,0,0,0,0,0,0,0,0
python/test/unit/runtime/test_launch.py::test_metadata,npu_or_frontend,original-default,1,1,0,0,0,0,0,0,0,0
python/test/unit/runtime/test_launch.py::test_memory_leak,npu_or_frontend,original-default,1,1,0,0,0,0,0,0,0,0
python/test/unit/runtime/test_launch.py::test_load_hook,npu_or_frontend,original-default,1,1,0,0,0,0,0,0,0,0
python/test/unit/runtime/test_launch.py::test_multiple_hooks,npu_or_frontend,original-default,1,1,0,0,0,0,0,0,0,0
python/test/unit/runtime/test_launch.py::test_launch_with_options,npu_or_frontend,original-default,3,2,1,0,0,0,0,0,0,0
python/test/unit/runtime/test_launch.py::test_pre_run_hooks,npu_or_frontend,original-default,1,1,0,0,0,0,0,0,0,0
python/test/unit/runtime/test_specialize.py::test_specialize_impl,npu_or_frontend,original-default,96,96,0,0,0,0,0,0,0,0
python/test/unit/runtime/test_subproc.py::test_compile_in_subproc,npu_or_frontend,original-default,1,1,0,0,0,0,0,0,0,0
python/test/unit/runtime/test_subproc.py::test_compile_in_forked_subproc,npu_or_frontend,original-default,1,1,0,0,0,0,0,0,0,0
python/test/unit/runtime/test_subproc.py::test_compile_in_forked_subproc_with_forced_gc,npu_or_frontend,original-default,1,1,0,0,0,0,0,0,0,0
python/test/unit/test_debug.py::test_device_assert,npu_or_frontend,original-default,72,72,0,0,0,0,0,0,0,0
python/test/unit/test_debug.py::test_device_assert_barrier,npu_or_frontend,original-default,1,1,0,0,0,0,0,0,0,0
python/test/unit/test_debug.py::test_static_assert,npu_or_frontend,original-default,2,2,0,0,0,0,0,0,0,0
python/test/unit/test_debug.py::test_sanitize_int_add_overflow,npu_or_frontend,original-default,9,4,5,0,0,0,0,0,0,0
python/test/unit/test_debug.py::test_sanitize_int_mul_overflow,npu_or_frontend,original-default,6,3,3,0,0,0,0,0,0,0
python/test/unit/test_debug.py::test_sanitize_int_sub_overflow,npu_or_frontend,original-default,5,3,2,0,0,0,0,0,0,0
python/test/unit/test_debug_dump.py::test_fn_dump,npu_or_frontend,original-default,1,1,0,0,0,0,0,0,0,0
python/test/unit/test_debuginfo.py::test_triton_debuginfo_on,npu_or_frontend,original-default,6,0,6,0,0,0,0,0,0,0
python/test/unit/test_filecheck.py::test_filecheck_positive,npu_or_frontend,original-default,1,1,0,0,0,0,0,0,0,0
python/test/unit/test_filecheck.py::test_filecheck_negative,npu_or_frontend,original-default,1,1,0,0,0,0,0,0,0,0
python/test/unit/test_knobs.py::test_knobs_utils,npu_or_frontend,original-default,1,1,0,0,0,0,0,0,0,0
python/test/unit/test_knobs.py::test_knobs_scope,npu_or_frontend,original-default,1,1,0,0,0,0,0,0,0,0
python/test/unit/test_knobs.py::test_env_updated,npu_or_frontend,original-default,1,1,0,0,0,0,0,0,0,0
python/test/unit/test_knobs.py::test_read_env,npu_or_frontend,original-default,7,7,0,0,0,0,0,0,0,0
python/test/unit/test_knobs.py::test_triton_home,npu_or_frontend,original-default,1,0,1,0,0,0,0,0,0,0
python/test/unit/test_knobs.py::test_set_knob_directly,npu_or_frontend,original-default,1,1,0,0,0,0,0,0,0,0
python/test/unit/test_knobs.py::test_nvidia_tool,npu_or_frontend,original-default,1,1,0,0,0,0,0,0,0,0
python/test/unit/test_knobs.py::test_opt_bool,npu_or_frontend,original-default,1,1,0,0,0,0,0,0,0,0
python/test/unit/test_link.py::test_link_extern_libs,npu_or_frontend,original-default,4,0,4,0,0,0,0,0,0,0
python/test/unit/test_perf_warning.py::test_mma_remark,npu_or_frontend,original-default,1,0,1,0,0,0,0,0,0,0
python/test/unit/test_perf_warning.py::test_remark_vectorization,npu_or_frontend,original-default,1,0,1,0,0,0,0,0,0,0
python/test/unit/test_perf_warning.py::test_remark_swp_op_before_operands,npu_or_frontend,original-default,1,0,1,0,0,0,0,0,0,0
python/test/unit/tools/test_aot.py::test_compile_link_matmul_no_specialization,npu_or_frontend,original-default,1,0,1,0,0,0,0,0,0,0
python/test/unit/tools/test_aot.py::test_compile_link_matmul,npu_or_frontend,original-default,1,0,1,0,0,0,0,0,0,0
python/test/unit/tools/test_aot.py::test_launcher_has_no_available_kernel,npu_or_frontend,original-default,1,0,1,0,0,0,0,0,0,0
python/test/unit/tools/test_aot.py::test_compile_link_autotune_matmul,npu_or_frontend,original-default,1,0,0,1,0,0,0,0,0,0
python/test/unit/tools/test_aot.py::test_ttgir_to_asm,npu_or_frontend,original-default,1,1,0,0,0,0,0,0,0,0
python/test/unit/tools/test_aot.py::test_gluon_kernel,npu_or_frontend,original-default,1,0,0,1,0,0,0,0,0,0
python/test/unit/tools/test_disasm.py::test_disam_cubin,npu_or_frontend,original-default,1,0,0,1,0,0,0,0,0,0
python/test/unit/tools/test_irsource.py::test_mlir_attribute_parsing,npu_or_frontend,original-default,1,0,1,0,0,0,0,0,0,0
python/test/unit/tools/test_linear_layout.py::test_identity_1d,npu_or_frontend,original-default,1,1,0,0,0,0,0,0,0,0
python/test/unit/tools/test_linear_layout.py::test_zeros_1d,npu_or_frontend,original-default,1,1,0,0,0,0,0,0,0,0
python/test/unit/tools/test_linear_layout.py::test_identity_2d,npu_or_frontend,original-default,1,1,0,0,0,0,0,0,0,0
python/test/unit/tools/test_linear_layout.py::test_operator_mul_identity,npu_or_frontend,original-default,1,1,0,0,0,0,0,0,0,0
python/test/unit/tools/test_linear_layout.py::test_operator_mul_disjoint_dims,npu_or_frontend,original-default,1,1,0,0,0,0,0,0,0,0
python/test/unit/tools/test_linear_layout.py::test_compose,npu_or_frontend,original-default,1,1,0,0,0,0,0,0,0,0
python/test/unit/tools/test_linear_layout.py::test_invert,npu_or_frontend,original-default,1,1,0,0,0,0,0,0,0,0
python/test/unit/tools/test_linear_layout.py::test_invert_and_compose,npu_or_frontend,original-default,1,1,0,0,0,0,0,0,0,0
python/test/unit/tools/test_linear_layout.py::test_get_matrix_view_identity,npu_or_frontend,original-default,1,1,0,0,0,0,0,0,0,0
python/test/unit/tools/test_linear_layout.py::test_get_matrix_view_strided,npu_or_frontend,original-default,1,1,0,0,0,0,0,0,0,0
python/test/unit/tools/test_linear_layout.py::test_get_matrix_view_from_bases,npu_or_frontend,original-default,1,1,0,0,0,0,0,0,0,0
python/test/unit/tools/test_triton_to_gluon.py::test_simple_kernel,npu_or_frontend,original-default,1,0,0,1,0,0,0,0,0,0
python/test/unit/tools/test_triton_to_gluon.py::test_triton_to_gluon_dot_minimal,npu_or_frontend,original-default,1,0,0,1,0,0,0,0,0,0
python/test/unit/tools/test_triton_to_gluon.py::test_simple_matmul,npu_or_frontend,original-default,1,0,0,1,0,0,0,0,0,0
python/test/unit/tools/test_triton_to_gluon.py::test_triton_to_gluon_descriptor_roundtrip,npu_or_frontend,original-default,1,0,0,1,0,0,0,0,0,0
python/test/unit/tools/test_triton_to_gluon.py::test_triton_to_gluon_descriptor_load_roundtrip,npu_or_frontend,original-default,1,0,0,1,0,0,0,0,0,0
python/test/unit/tools/test_triton_to_gluon.py::test_triton_reshape_trans,npu_or_frontend,original-default,4,0,0,4,0,0,0,0,0,0
python/test/unit/tools/test_triton_to_gluon.py::test_split,npu_or_frontend,original-default,1,0,0,1,0,0,0,0,0,0
python/test/unit/tools/test_triton_to_gluon.py::test_reduce_to_scalar,npu_or_frontend,original-default,1,0,0,1,0,0,0,0,0,0
python/test/unit/tools/test_triton_to_gluon.py::test_num_threads,npu_or_frontend,original-default,1,0,0,1,0,0,0,0,0,0
